,Merton,Mean-Variance,Equal-Weight,Buy-and-Hold,Risk Parity
Total Return,3.7095412430011674,14.42606240903618,4.524187213192009,9.571891969741113,1.4836163762953805
Sharpe Ratio,0.7114403402025501,0.7758809345570814,0.8453000944358114,0.6661854727142903,0.7005619484984378
Max Drawdown,0.5416119868799266,0.9079447301191204,0.4306462552036472,0.8366115446525494,0.2943654524043732
Avg Turnover,0.013899214786103333,0.017009224357972797,0.003430825847246995,0.0,0.004347021904532305
Final Value,470954.12430011673,1542606.240903618,552418.7213192009,1057189.1969741113,248361.63762953805
